Participant,L100
1,5.988023952
1,1.41509434
1,2.631578947
2,2.189781002
2,4.195804196
4,6.41025641
5,1.515151515
5,1.19047619
5,1.449275362
6,2.547770701
6,1.052631579
6,0.510204082
7,1.25
7,0
7,0.546448087
8,0
8,2.962962963
8,0
9,2.491103203
9,2.93040293
9,2.95202952
10,2.830188679
10,1.342281879
10,0.64516129
11,2.02020202
11,2.631578947
11,3.418803419
12,0
12,0
12,0
